"﻿""id""",comune,provincia,fascia_pop_stimata,cluster,dominio_ipotizzato,dominio_verificato,url_albo,url_delibere,cms,pec,note
1,Romano di Lombardia,BG,L,medio,comune.romano.bg.it,SI,,https://comune.romano.bg.it/amministrazione-trasparente/bandi-di-gara-e-contratti/|https://comune.romano.bg.it/amministrazione-trasparente/altri-contenuti/prevenzione-della-corruzione/provvedimenti-adottati-dalla.n.ac.-ed-atti-di-adeguamento-a-tali-provvedimenti/|https://comune.romano.bg.it/amministrazione-trasparente/bandi-di-gara-e-contratti/atti-relativi-alle-procedure-per-laffidamento-di-appalti-pubblici-di-cui-allart.-5-dlgs-50-2016/avviso-sui-risultati-della-procedura-di-affidamento-diretto-entro-il-30.6.2023/|https://comune.romano.bg.it/amministrazione-trasparente/bandi-di-gara-e-contratti/atti-relativi-alle-procedure-per-laffidamento-di-appalti-pubblici-di-cui-allart.-5-dlgs-50-2016/avviso-di-avvio-della-procedura-e-risultati-della-aggiudicazione-di-procedure-negoziate-senza-bando/|https://comune.romano.bg.it/amministrazione-trasparente/bandi-di-gara-e-contratti/atti-delle-amministrazioni-aggiudicatrici-e-degli-enti-aggiudicatori-distintamente-per-ogni-procedura/provvedimento-che-determina-le-esclusioni-dalla-procedura-di-affidamento/|https://comune.romano.bg.it/amministrazione-trasparente/enti-controllati/societa-partecipate/provvedimenti/|https://comune.romano.bg.it/amministrazione-trasparente/bandi-di-gara-e-contratti/informazioni-sulle-singole-procedure-in-formato-tabellare/,design_italia,,
2,Caravaggio,BG,M,medio,comune.caravaggio.bg.it,SI,,https://caravaggio.trasparenza-valutazione-merito.it,design_italia,,
3,Castelli Calepio,BG,M,medio,comune.castellicalepio.bg.it,SI,,,design_italia,,
4,Comun Nuovo,BG,S,piccolo,comune.comunnuovo.bg.it,SI,,https://comune.comunnuovo.bg.it/it/page/136373,design_italia,,
5,Valbrembo,BG,S,piccolo,comune.valbrembo.bg.it,SI,,https://www.halleyweb.com/c016224/zf/index.php/trasparenza/index/index/categoria/149|http://www.halleyweb.com/c016224/zf/index.php/trasparenza/index/index|https://www.halleyweb.com/c016224/zf/index.php/atti-amministrativi/ordinanze|http://www.halleyweb.com/c016224/zf/index.php/atti-amministrativi/determine|http://www.halleyweb.com/c016224/zf/index.php/atti-amministrativi/delibere|http://www.halleyweb.com/c016224/mc/mc_p_ricerca.php,design_italia,,
6,Rovato,BS,M,medio,comune.rovato.bs.it,SI,,https://comune.rovato.bs.it/amministrazione-trasparente/bandi-di-gara-e-contratti/,design_italia,,
7,Iseo,BS,M,lacustre,comune.iseo.bs.it,SI,https://comune.iseo.bs.it/zf/index.php/albo-pretorio/albo,https://comune.iseo.bs.it/zf/index.php/atti-amministrativi/delibere|https://comune.iseo.bs.it/zf/index.php/atti-amministrativi/determine|https://comune.iseo.bs.it/zf/index.php/albo-pretorio/albo|https://comune.iseo.bs.it/zf/index.php/bandi-di-gara/bandi-di-gara,halley,,
8,Palazzolo sull Oglio,BS,L,medio,comune.palazzolosulloglio.bs.it,SI,,https://www.halleyweb.com/c017133/zf/index.php/trasparenza/index/index/categoria/85|https://www.halleyweb.com/c017133/mc/mc_p_ricerca.php,design_italia,,GARA PF IN CORSO - CIG BC1C6CA2E5
9,Castenedolo,BS,M,medio,comune.castenedolo.bs.it,SI,,https://comune.castenedolo.bs.it/documenti-e-dati/|https://halleyweb.com/c017043/zf/index.php/trasparenza/index/index?x=5277c2586a60eb61ba503bcee1b91ee7|https://halleyweb.com/c017043/mc/mc_p_ricerca.php?noHeaderFooter=1&multiente=c017043,design_italia,,
10,Toscolano-Maderno,BS,M,lacustre,comune.toscolanomaderno.bs.it,SI,,,generic,,
11,Lonato del Garda,BS,M,medio,comune.lonato.bs.it,SI,,https://comune.lonato.bs.it/amministrazione/amministrazione-trasparente/bandi-di-gara-e-contratti|https://comune.lonato.bs.it/bandi-e-gare,design_italia,,
12,Capriolo,BS,M,medio,comune.capriolo.bs.it,NO,,,,,
13,Torbole Casaglia,BS,S,piccolo,comune.torbolecasaglia.bs.it,NO,,,,,
14,San Felice del Benaco,BS,S,lacustre,comune.sanfelicedelbenaco.bs.it,SI,,https://sanfelicedelbenaco.trasparenza-valutazione-merito.it/web/trasparenza/trasparenza,maggioli_sipal,,
15,Manerba del Garda,BS,S,lacustre,comune.manerbadelgarda.bs.it,SI,,,urbi_padigitale,,
16,Borno,BS,XS,piccolo,comune.borno.bs.it,SI,,https://comune.borno.bs.it?code=AT.40.70|https://comune.borno.bs.it?code=AT.10.20.20|https://comune.borno.bs.it?code=AT.C0.30|https://comune.borno.bs.it?code=AT.T0.30.40|https://comune.borno.bs.it?code=AT.T0.10.50|https://comune.borno.bs.it?code=AT.90.20,design_italia,,
17,Lograto,BS,S,piccolo,comune.lograto.bs.it,SI,,https://comune.lograto.bs.it/Amministrazione-Trasparente/Personale/Personale-non-a-tempo-indeterminato|https://comune.lograto.bs.it/Amministrazione-Trasparente/Provvedimenti/Provvedimenti-organi-indirizzo-politico|https://comune.lograto.bs.it/Amministrazione-Trasparente/Provvedimenti|https://comune.lograto.bs.it/Amministrazione-Trasparente/Disposizioni-generali/Atti-generali/Atti-amministrativi-generali|https://comune.lograto.bs.it/Amministrazione-Trasparente/Provvedimenti/Provvedimenti-dirigenti|https://comune.lograto.bs.it/Amministrazione-Trasparente/Enti-controllati/Societa-partecipate/Provvedimenti,generic,,
18,Orzivecchi,BS,XS,piccolo,comune.orzivecchi.bs.it,SI,https://orzivecchi.trasparenza-valutazione-merito.it/web/trasparenza/albo-pretorio,https://orzivecchi.trasparenza-valutazione-merito.it/web/trasparenza/trasparenza|https://orzivecchi.trasparenza-valutazione-merito.it/web/trasparenza/albo-pretorio,maggioli_sipal,,
19,Cremona,CR,XL,capoluogo,comune.cremona.it,SI,,,generic,,
20,Castelleone,CR,M,medio,comune.castelleone.cr.it,SI,,https://comune.castelleone.cr.it/documenti-e-dati/|https://comune.castelleone.cr.it/tipi_documento/deliberazione-del-consiglio-comunale/,design_italia,,
21,Montanaso Lombardo,LO,XS,piccolo,comune.montanaso.lo.it,SI,https://montanasolombardo.trasparenza-valutazione-merito.it/albo-pretorio;jsessionid=DACFCD68F8810A253AEE2D4CE610370E,https://montanasolombardo.trasparenza-valutazione-merito.it/amministrazione-trasparente|https://montanasolombardo.trasparenza-valutazione-merito.it/albo-pretorio;jsessionid=DACFCD68F8810A253AEE2D4CE610370E,design_italia,,
22,Tavazzano con Villavesco,LO,S,piccolo,comune.tavazzanoconvillavesco.lo.it,SI,https://comune.tavazzanoconvillavesco.lo.it/it/public_documents/documenti-albo-pretorio,https://comune.tavazzanoconvillavesco.lo.it/it/public_documents/determina-n-159-del-24-04-2024|https://comune.tavazzanoconvillavesco.lo.it/it/public_documents/documenti-albo-pretorio,design_italia,,
23,Viadana,MN,M,medio,comune.viadana.mn.it,SI,,https://comune.viadana.mn.it/amministrazione-trasparente/sezioni/590945-atti-amministrativi-generali|https://comune.viadana.mn.it/amministrazione-trasparente/sezioni/590945-atti-amministrativi-generali/contenuti/3314787-piano-integrato-attivita-organizzazione-piao-2025|https://comune.viadana.mn.it/amministrazione-trasparente/sezioni/590945-atti-amministrativi-generali/contenuti/3510867-piano-integrato-attivita-organizzazione-piao-2026|https://comune.viadana.mn.it/amministrazione-trasparente/sezioni/1940631-avviso-risultati-procedura-affidamento-diretto|https://comune.viadana.mn.it/amministrazione-trasparente/sezioni/1940633-avviso-avvio-procedura-risultati-aggiudicazione|https://comune.viadana.mn.it/amministrazione-trasparente/sezioni/591166-determina-aggiudicazione,design_italia,,
24,Goito,MN,M,medio,comune.goito.mn.it,SI,,https://comune.goito.mn.it/amministrazione-trasparente/bandi-di-gara-e-contratti/|https://www.halleyweb.com/c020026/zf/index.php/trasparenza/index/index/categoria/133|https://www.halleyweb.com/c020026/zf/index.php/trasparenza|https://www.halleyweb.com/c020026/mc/mc_p_ricerca.php,design_italia,,
25,Asola,MN,M,medio,comune.asola.mn.it,SI,,http://halleyweb.com/c020002/zf/index.php/trasparenza/index/index/categoria/399|http://halleyweb.com/c020002/zf/index.php/trasparenza/index/index|http://www.halleyweb.com/c020002/mc/mc_p_ricerca.php,design_italia,,
26,Castelbelforte,MN,S,piccolo,comune.castelbelforte.mn.it,SI,,https://essevum.trasparenza-valutazione-merito.it/|https://castelbelforte.trasparenza-valutazione-merito.it/web/trasparenza/trasparenza;jsessionid=CC06841ED73EC196592DF3723D718925|https://comune.castelbelforte.mn.it/it/public_documents/deliberazione-n-14-del-20-04-2024,design_italia,,
27,San Giuliano Milanese,MI,L,hinterland,comune.sangiulianomilanese.mi.it,SI,,https://comune.sangiulianomilanese.mi.it/amministrazione-trasparente/provvedimenti/|https://comune.sangiulianomilanese.mi.it/documenti-e-dati/,design_italia,,
28,Pioltello,MI,L,hinterland,comune.pioltello.mi.it,SI,,https://pioltello.trasparenza-valutazione-merito.it/web/trasparenza/trasparenza|https://pioltello.trasparenza-valutazione-merito.it/web/trasparenza/dettaglio-trasparenza?p_p_id=jcitygovmenutrasversaleleftcolumn_WAR_jcitygovalbiportlet&p_p_lifecycle=0&p_p_state=normal&p_p_mode=view&p_p_col_id=column-2&p_p_col_count=1&_jcitygovmenutrasversaleleftcolumn_WAR_jcitygovalbiportlet_current-page-parent=0&_jcitygovmenutrasversaleleftcolumn_WAR_jcitygovalbiportlet_current-page=20327,design_italia,,
29,Bresso,MI,L,hinterland,comune.bresso.mi.it,SI,,,design_italia,,
30,Segrate,MI,L,hinterland,comune.segrate.mi.it,SI,https://comune.segrate.mi.it/amministrazione/documenti/index.html?reloaded&facet_category_exact=documenti%2Fdocumento-albo-pretorio%2F&q=&sort=date_asc,https://comune.segrate.mi.it/amministrazione-trasparente/provvedimenti/|https://comune.segrate.mi.it/amministrazione/documenti/index.html?reloaded&facet_category_exact=documenti%2Fdocumento-albo-pretorio%2F&q=&sort=date_asc|https://comune.segrate.mi.it/servizi/albo-scrutatori-di-seggio-iscrizioni-cancellazioni/,design_italia,,
31,Buccinasco,MI,L,hinterland,comune.buccinasco.mi.it,SI,https://buccinasco.trasparenza-valutazione-merito.it/web/trasparenza/albo-pretorio,https://buccinasco.trasparenza-valutazione-merito.it/web/trasparenza/albo-pretorio|https://buccinasco.trasparenza-valutazione-merito.it/web/trasparenza/trasparenza,design_italia,,
32,Cerro Maggiore,MI,M,medio,comune.cerromaggiore.mi.it,SI,,,design_italia,,
33,Melegnano,MI,M,medio,comune.melegnano.mi.it,SI,,https://melegnano.trasparenza-valutazione-merito.it/web/trasparenza/menu-trasparenza,design_italia,,
34,Rescaldina,MI,M,medio,comune.rescaldina.mi.it,SI,,https://rescaldina.trasparenza-valutazione-merito.it/web/trasparenza/trasparenza|https://rescaldina.trasparenza-valutazione-merito.it/web/trasparenza/pga-g?p_p_id=jcitygovgare_WAR_jcitygovalbiportlet&p_p_mode=view&p_p_state=pop_up&p_p_col_id=column-1&p_p_col_count=1&_jcitygovgare_WAR_jcitygovalbiportlet_action=ricerca&_jcitygovgare_WAR_jcitygovalbiportlet_cur=1&_jcitygovgare_WAR_jcitygovalbiportlet_delta=10&_jcitygovgare_WAR_jcitygovalbiportlet_keywords=&_jcitygovgare_WAR_jcitygovalbiportlet_advancedSearch=false&_jcitygovgare_WAR_jcitygovalbiportlet_andOperator=true&_jcitygovgare_WAR_jcitygovalbiportlet_orderByCol=data_pubblicazione_dataset&_jcitygovgare_WAR_jcitygovalbiportlet_orderByType=desc&_jcitygovgare_WAR_jcitygovalbiportlet_idMenuItem=55976,design_italia,,
35,Canegrate,MI,M,medio,comune.canegrate.mi.it,SI,,https://comune.canegrate.mi.it/amministrazione-trasparente/sezione/bandi-di-gara-e-contratti/|https://www.halleyweb.com/c015046/zf/index.php/trasparenza/index/index|https://www.halleyweb.com/c015046/zf/index.php/trasparenza/index/index/categoria/63|https://www.halleyweb.com/c015046/mc/mc_p_ricerca.php|http://www.halleyweb.com/c015046/index.php?servizio=304|https://comune.canegrate.mi.it/amministrazione-trasparente/sezione/provvedimenti/,design_italia,,
36,Arluno,MI,M,medio,comune.arluno.mi.it,SI,,,design_italia,,
37,Settala,MI,S,piccolo,www.comune.settala.mi.it,SI,,https://www.halleyweb.com/c015210/zf/index.php/trasparenza/index/|https://www.halleyweb.com/c015210/zf/index.php/trasparenza/index/#new_tab,generic,,
38,Rodano,MI,S,piccolo,comune.rodano.mi.it,SI,,,halley,,
39,Carate Brianza,MB,M,medio,comune.caratebrianza.mb.it,SI,https://caratebrianza.trasparenza-valutazione-merito.it/web/trasparenza/albo-pretorio,https://caratebrianza.trasparenza-valutazione-merito.it/web/trasparenza/trasparenza|https://caratebrianza.trasparenza-valutazione-merito.it/web/trasparenza/dettaglio-trasparenza?p_p_id=jcitygovmenutrasversaleleftcolumn_WAR_jcitygovalbiportlet&p_p_lifecycle=0&p_p_state=normal&p_p_mode=view&p_p_col_id=column-2&p_p_col_count=1&_jcitygovmenutrasversaleleftcolumn_WAR_jcitygovalbiportlet_current-page-parent=11050&_jcitygovmenutrasversaleleftcolumn_WAR_jcitygovalbiportlet_current-page=11051|https://caratebrianza.trasparenza-valutazione-merito.it/web/trasparenza/albo-pretorio,design_italia,,
40,Villasanta,MB,M,medio,comune.villasanta.mb.it,SI,,,design_italia,,
41,Bernareggio,MB,M,medio,comune.bernareggio.mb.it,SI,https://bernareggio.trasparenza-valutazione-merito.it/web/trasparenza/albo-pretorio,https://bernareggio.trasparenza-valutazione-merito.it/web/trasparenza/albo-pretorio|https://bernareggio.trasparenza-valutazione-merito.it/web/trasparenza/menu-trasparenza,design_italia,,
42,Usmate Velate,MB,M,medio,comune.usmatevelate.mb.it,SI,,,design_italia,,
43,Tribiano,MI,S,piccolo,comune.tribiano.mi.it,SI,,https://comune.tribiano.mi.it/it-it/amministrazione/amministrazione-trasparente/personale/personale-non-a-tempo-indeterminato|https://comune.tribiano.mi.it/it-it/amministrazione/amministrazione-trasparente/provvedimenti/provvedimenti-dirigenti-amministrativi|https://comune.tribiano.mi.it/it-it/amministrazione/amministrazione-trasparente/provvedimenti|https://comune.tribiano.mi.it/it-it/amministrazione/amministrazione-trasparente/bandi-di-gara-e-contratti/varianti-in-corso-d-opera|https://comune.tribiano.mi.it/it-it/amministrazione/amministrazione-trasparente/provvedimenti/provvedimenti-organi-indirizzo-politico|https://comune.tribiano.mi.it/it-it/amministrazione/atti-pubblicazioni/bandi-di-gara/2025/pnrr-procedura-aperta-per-l-affidamento-dei-lavori-di-realizzazione-edificio-adibito-a-mensa-48605-1-d695db8a2fc3383954349dc75470c43f,halley,,
44,Basiglio,MI,M,hinterland,comune.basiglio.mi.it,SI,,,design_italia,,
45,Pavia,PV,XL,capoluogo,www.comune.pv.it,NO,,,,,
46,Certosa di Pavia,PV,S,piccolo,comune.certosadipavia.pv.it,SI,,,halley,,
47,Ronco Briantino,MB,S,piccolo,comune.roncobriantino.mb.it,SI,,https://bernareggio.comune-online.it/web/polizia-locale/polizia-locale,design_italia,,
48,Vigevano,PV,XL,capoluogo,comune.vigevano.pv.it,SI,,,design_italia,,
49,Casorate Primo,PV,M,medio,comune.casorateprimo.pv.it,SI,,,design_italia,,
50,Caponago,MB,S,piccolo,comune.caponago.mb.it,SI,,https://caponago.trasparenza-valutazione-merito.it/web/trasparenza/trasparenza,design_italia,,
51,Mede,PV,S,piccolo,comune.mede.pv.it,SI,,,halley,,
52,Arosio,CO,S,piccolo,comune.arosio.co.it,SI,,https://www.halleyweb.com/c013012/po/po_pr_login.php,halley,,
53,Gravedona ed Uniti,CO,S,lacustre,comune.gravedonaeduniti.co.it,SI,,,design_italia,,
54,Mariano Comense,CO,L,medio,www.comune.marianocomense.co.it,SI,,,generic,,
55,Rovellasca,CO,S,piccolo,comune.rovellasca.co.it,SI,,,design_italia,,
56,Rovello Porro,CO,S,piccolo,comune.rovelloporro.co.it,SI,,http://www.halleyweb.com/c013202/zf/index.php/servizi-aggiuntivi/index/index/idtesto/20335,design_italia,,
57,Cernobbio,CO,S,lacustre,comune.cernobbio.co.it,SI,,,halley,,
58,Menaggio,CO,S,lacustre,comune.menaggio.co.it,SI,,,design_italia,,
59,Civate,LC,S,piccolo,comune.civate.lc.it,SI,,https://www.halleyweb.com/c097022/zf/index.php/servizi-aggiuntivi/index/index/idtesto/20692|https://www.halleyweb.com/c097022/zf/index.php/servizi-aggiuntivi/index/index/idtesto/20380,halley,,
60,Bulciago,LC,S,piccolo,comune.bulciago.lc.it,SI,,,design_italia,,
61,Dervio,LC,XS,lacustre,comune.dervio.lc.it,SI,,https://dervio.trasparenza-valutazione-merito.it/web/trasparenza/trasparenza,design_italia,,
62,Primaluna,LC,XS,piccolo,comune.primaluna.lc.it,SI,,,urbi_padigitale,,
63,Calolziocorte,LC,M,medio,comune.calolziocorte.lc.it,SI,,https://comune.calolziocorte.lc.it/Amministrazione-Trasparente/Disposizioni-generali/Atti-generali/Atti-amministrativi-generali|https://comune.calolziocorte.lc.it/Amministrazione-Trasparente/Bandi-di-gara-e-contratti/Delibera-a-contrarre2|https://comune.calolziocorte.lc.it/Amministrazione-Trasparente/Bandi-di-gara-e-contratti/Avviso-sui-risultati-della-procedura-di-affidamento-diretto-ove-la-determina-a-contrarre-o-atto-equivalente-sia-adottato-entro-il-30.6.2023|https://comune.calolziocorte.lc.it/Amministrazione-Trasparente/Bandi-di-gara-e-contratti/Avviso-di-avvio-della-procedura-e-avviso-sui-risultati-della-aggiudicazione-di-procedure-negoziate-senza-bando-ove-la-determina-a-contrarre-o-atto-equivalente-sia-adottato-entro-il-30.6.2023|https://comune.calolziocorte.lc.it/Amministrazione-Trasparente/Provvedimenti/Provvedimenti-dirigenti|https://comune.calolziocorte.lc.it/Amministrazione-Trasparente/Provvedimenti,urbi_padigitale,,
64,Cardano al Campo,VA,M,medio,comune.cardanoalcampo.va.it,SI,https://comune.cardanoalcampo.va.it/costituzione-e-tenuta-albo-comunale-degli-avvocati/,https://comune.cardanoalcampo.va.it/costituzione-e-tenuta-albo-comunale-degli-avvocati/,design_italia,,
65,Somma Lombardo,VA,M,medio,comune.sommalombardo.va.it,SI,,,design_italia,,
66,Caronno Pertusella,VA,M,medio,www.comune.caronnopertusella.va.it,SI,https://caronnopertusella.trasparenza-valutazione-merito.it/web/trasparenza/albo-pretorio,https://caronnopertusella.trasparenza-valutazione-merito.it/web/trasparenza/trasparenza|http://caronnopertusella.trasparenza-valutazione-merito.it/web/trasparenza/trasparenza|https://caronnopertusella.trasparenza-valutazione-merito.it/web/trasparenza/albo-pretorio|http://caronnopertusella.trasparenza-valutazione-merito.it/web/trasparenza/albo-pretorio,design_italia,,
67,Arcisate,VA,M,medio,comune.arcisate.va.it,SI,,https://hosting.pa-online.it/012004/su_ambito/sue/,urbi_padigitale,,
68,Origgio,VA,S,piccolo,comune.origgio.va.it,SI,,https://www.pa-online.it/GisMasterWebS/PU/PU_R.aspx?IdEnte=012109&IdPU=Deter&IdPage=PubblDeter|https://www.pa-online.it/GisMasterWebS/PU/PU_R.aspx?IdEnte=012109&IdPU=SovvContr&IdPage=PubblSovvContr|https://www.pa-online.it/GisMasterWebS/PU/PU_R.aspx?IdEnte=012109&IdPU=BanGar&IdPage=PubblBanGar|https://www.pa-online.it/GisMasterWebS/PU/PU_R.aspx?IdEnte=012109&IdPU=Delib&IdPage=PubblDelib|https://www.pa-online.it/GisMasterWebS/PU/PU_R.aspx?IdEnte=012109&IdPU=Ordin&IdPage=PubblOrdin|https://www.pa-online.it/GisMasterWebS/PU/PU_R.aspx?IdEnte=012109&IdPU=AlbPre&IdPage=PubblAlbPre,design_italia,,
69,Saronno,VA,L,medio,comune.saronno.va.it,SI,,,design_italia,,ANALISI FATTURE CONCESSIONE GIA SVOLTA
70,Gallarate,VA,XL,capoluogo,comune.gallarate.va.it,SI,https://comune.gallarate.va.it/albo-pretorio/,https://comune.gallarate.va.it/albo-pretorio/,design_italia,,
71,Venegono Inferiore,VA,S,piccolo,comune.venegonoinferiore.va.it,SI,,,design_italia,,
72,Gorla Maggiore,VA,S,piccolo,comune.gorlamaggiore.va.it,SI,,https://comune.gorlamaggiore.va.it/Menu?IDDettaglio=314115|https://comune.gorlamaggiore.va.it/Home/Bandigare|https://comune.gorlamaggiore.va.it/Menu?IDDettaglio=314013,design_italia,,
73,Mornago,VA,S,piccolo,comune.mornago.va.it,SI,,,design_italia,,
